id,trigger,conditions,script,text,options,notes
"#RULESET_NAME Seeker UC",,,,,,
,,,,,,
# Plague-bearer fleet greeting lines,,,,,,
greetingPlagueFriendly,OpenCommLink,"$faction.id == plague score:1000
$faction.friendlyToPlayer","$menuState = fleetConvMain 0
FireAll PopulateOptions","You cheater!",,
greetingPlagueHostile,OpenCommLink,"$faction.id == plague score:1000
$faction.isHostile","$ignorePlayerCommRequests = true 1","While $fleetName does not answers any hail, their hostile intentions are very clear. The deck crew nervously buckles up and stands ready. Sudenly an environment hazard alarm goes of. The enemy is way beyond weapon range but your fleet is already hitting tiny clumps of nano-machines floating in space that immediately try to pry their way through the hull. Their damage is negligible for now and your ships await further orders.","cutCommLink:Cut the comm link",
greetingPlagueNeutral,OpenCommLink,"$faction.id == plague score:1000
$faction.neutralToPlayer","$ignorePlayerCommRequests = true 1","Your communication officer stares frustratingly at their blank screen. $fleetName does not answer to any of their hails. It does not take any other action either, seemingly waiting for your fleet to do something first. The tension is palpable throughout the ship as some crewmembers heard rumors about those strange ships, none of them good. 

However as your fleet close the distance, batteries of range-finding lasers and mapping radar start to thoroughly scan your fleet. The deck crew is now very nervous and ready to activate every firing solution at the first sign of  active hostility. The next move is yours to make.",,
"#END Plague-bearer fleet greeting lines",,,,,,
,,,,,,
# SEEKER Custom Derelict Log Rules,,,,,,
SKR_titanic_log_opt,PopulateSalvageOptions,"$SKR_titanicWreck","AddOption ""Access Voyage Data Recorder"" SKR_titanic_showLog",,,
SKR_titanic_showLog,SKR_titanic_showLog,,"SKR_showDerelictLog titanic","","SKR_titanic_done:Continue with salvage operations",
SKR_titanic_done,SKR_titanic_done,,"FireAll PopulateSalvageOptions",,,
,,,,,,
SKR_onyx_log_opt,PopulateSalvageOptions,"$SKR_onyxWreck","AddOption ""Decrypt Research Telemetry Log"" SKR_onyx_showLog",,,
SKR_onyx_showLog,SKR_onyx_showLog,,"SKR_showDerelictLog onyx","","SKR_onyx_done:Continue with salvage operations",
SKR_onyx_done,SKR_onyx_done,,"FireAll PopulateSalvageOptions",,,
,,,,,,
SKR_siegfried_log_opt,PopulateSalvageOptions,"$SKR_siegfriedWreck","AddOption ""Query Domain Defense Archive"" SKR_siegfried_showLog",,,
SKR_siegfried_showLog,SKR_siegfried_showLog,,"SKR_showDerelictLog siegfried","","SKR_siegfried_done:Continue with salvage operations",
SKR_siegfried_done,SKR_siegfried_done,,"FireAll PopulateSalvageOptions",,,
,,,,,,
SKR_voulge_log_opt,PopulateSalvageOptions,"$SKR_voulgeWreck","AddOption ""Access Silver Line Flight Recorder"" SKR_voulge_showLog",,,
SKR_voulge_showLog,SKR_voulge_showLog,,"SKR_showDerelictLog voulge","","SKR_voulge_done:Continue with salvage operations",
SKR_voulge_done,SKR_voulge_done,,"FireAll PopulateSalvageOptions",,,
,,,,,,
SKR_dawn_log_opt,PopulateSalvageOptions,"$SKR_dawnWreck","AddOption ""Download Ceramic Prototype Telemetry"" SKR_dawn_showLog",,,
SKR_dawn_showLog,SKR_dawn_showLog,,"SKR_showDerelictLog dawn","","SKR_dawn_done:Continue with salvage operations",
SKR_dawn_done,SKR_dawn_done,,"FireAll PopulateSalvageOptions",,,
,,,,,,
SKR_demeter_log_opt,PopulateSalvageOptions,"$SKR_demeterWreck","AddOption ""Access Chief Architect's Log"" SKR_demeter_showLog",,,
SKR_demeter_showLog,SKR_demeter_showLog,,"SKR_showDerelictLog demeter","","SKR_demeter_done:Continue with salvage operations",
SKR_demeter_done,SKR_demeter_done,,"FireAll PopulateSalvageOptions",,,
,,,,,,
SKR_gawon_log_opt,PopulateSalvageOptions,"$SKR_gawonWreck","AddOption ""Decrypt Shipyard Vault Log"" SKR_gawon_showLog",,,
SKR_gawon_showLog,SKR_gawon_showLog,,"SKR_showDerelictLog gawon","","SKR_gawon_done:Continue with salvage operations",
SKR_gawon_done,SKR_gawon_done,,"FireAll PopulateSalvageOptions",,,
,,,,,,
SKR_quicksilver_log_opt,PopulateSalvageOptions,"$SKR_quicksilverWreck","AddOption ""Extract Apollo Skunkworks Test Data"" SKR_quicksilver_showLog",,,
SKR_quicksilver_showLog,SKR_quicksilver_showLog,,"SKR_showDerelictLog quicksilver","","SKR_quicksilver_done:Continue with salvage operations",
SKR_quicksilver_done,SKR_quicksilver_done,,"FireAll PopulateSalvageOptions",,,
,,,,,,
SKR_safeguard_log_opt,PopulateSalvageOptions,"$SKR_safeguardWreck","AddOption ""Analyze Corrupted Explorarium Sub-Core"" SKR_safeguard_showLog",,,
SKR_safeguard_showLog,SKR_safeguard_showLog,,"SKR_showDerelictLog safeguard","","SKR_safeguard_done:Continue with salvage operations",
SKR_safeguard_done,SKR_safeguard_done,,"FireAll PopulateSalvageOptions",,,
,,,,,,
SKR_rampage_log_opt,PopulateSalvageOptions,"$SKR_rampageWreck","AddOption ""Scan Composite Titan Nanite Lattice"" SKR_rampage_showLog",,,
SKR_rampage_showLog,SKR_rampage_showLog,,"SKR_showDerelictLog rampage","","SKR_rampage_done:Continue with salvage operations",
SKR_rampage_done,SKR_rampage_done,,"FireAll PopulateSalvageOptions",,,
,,,,,,
SKR_whitedwarf_log_opt,PopulateSalvageOptions,"$SKR_whitedwarfWreck","AddOption ""Extract Alpha Core Battle Memory"" SKR_whitedwarf_showLog",,,
SKR_whitedwarf_showLog,SKR_whitedwarf_showLog,,"SKR_showDerelictLog whitedwarf","","SKR_whitedwarf_done:Continue with salvage operations",
SKR_whitedwarf_done,SKR_whitedwarf_done,,"FireAll PopulateSalvageOptions",,,
,,,,,,
SKR_cataclysm_log_opt,PopulateSalvageOptions,"$SKR_cataclysmWreck","AddOption ""Access Sovereign Hive Queen Telemetry"" SKR_cataclysm_showLog",,,
SKR_cataclysm_showLog,SKR_cataclysm_showLog,,"SKR_showDerelictLog cataclysm","","SKR_cataclysm_done:Continue with salvage operations",
SKR_cataclysm_done,SKR_cataclysm_done,,"FireAll PopulateSalvageOptions",,,
"#END SEEKER Custom Derelict Log Rules",,,,,,
# ==============================================================================
# HYPERCUBE - TRI-HARMONIC RESONANCE PUZZLE
# ==============================================================================
skr_tomorrowHypercubeOpen,OpenInteractionDialog,"$customType == skr_tomorrow_hypercube score:1000
!$entity.hypercube_completed","ShowDefaultVisual
SKR_TomorrowHypercubePuzzle init","Your fleet matches orbit with the dark, monolithic geometry of the Hypercube. The adamantine tesseract hangs suspended against the stars, hairline inlays of brass filigree veining its mirror-polished faces.

An intricate mechanical apparatus spans the surface: an outer brass ring, a sunken obsidian core, lateral sliding facets, and a central grounding pin.

Sensor arrays register shifting harmonics between three distinct physical phenomena: Acoustic Resonance, Luminescence, and Spatial Tension. Attempting to force any channel beyond safe tolerances or discharging an empty reservoir will trigger a catastrophic spatial shear.",,
skr_tomorrowHypercubeActRing,DialogOptionSelected,$option == hypercube_act_ring,SKR_TomorrowHypercubePuzzle ring,,,
skr_tomorrowHypercubeActCore,DialogOptionSelected,$option == hypercube_act_core,SKR_TomorrowHypercubePuzzle core,,,
skr_tomorrowHypercubeActFacets,DialogOptionSelected,$option == hypercube_act_facets,SKR_TomorrowHypercubePuzzle facets,,,
skr_tomorrowHypercubeActPin,DialogOptionSelected,$option == hypercube_act_pin,SKR_TomorrowHypercubePuzzle pin,,,
skr_tomorrowHypercubeClue,DialogOptionSelected,$option == hypercube_clue,SKR_TomorrowHypercubePuzzle init,"You review the degraded audio log recovered from the shattered scavenger frigate drifting nearby:

""...they are bound in a closed ring! Sound feeds Light. Light feeds Gravity. Gravity feeds Sound. If you try to force one channel past three units, it fractures. If you try to siphon from an empty channel, it cavitates and violently backfires!

To open the box, you cannot force one to zero while the others rage. You must bring all three into perfect balance—equal in weight—and only then strike the central pin to drain them into the void! Once all three reach absolute zero... the gateway opens...""",,
skr_tomorrowHypercubeCompleted,OpenInteractionDialog,"$customType == skr_tomorrow_hypercube score:1001
$entity.hypercube_completed",ShowDefaultVisual,"The Hypercube rests in its final, permanently stabilized configuration. The adamantine faces are locked open, revealing the empty, dead containment chamber. The local vacuum is devoid of anomalous resonance or spatial shear. The puzzle has been solved.",hypercube_leave:Leave,
skr_tomorrowHypercubeLeave,DialogOptionSelected,$option == hypercube_leave,DismissDialog,,,

# ==============================================================================
# LINCOLN CATHEDRAL - NEURAL CRADLE & ALPHA CORE INTEGRATION
# ==============================================================================
todayCathedralOptionSlot,PopulateOptions,"$entity.id == today_cathedral
$menuState == main
!$entity.alphaCoreSlotted",,,todayCathedralInspectCradle:Inspect the Cathedral's neural cradle,
todayCathedralOptionActive,PopulateOptions,"$entity.id == today_cathedral
$menuState == main
$entity.alphaCoreSlotted",,,todayCathedralCommuneCore:Interface with the Cathedral's Alpha Core custodian,
todayCathedralCradleSelected,DialogOptionSelected,$option == todayCathedralInspectCradle,TodayCathedralCradle init,,,
todayCathedralCommuneSelected,DialogOptionSelected,$option == todayCathedralCommuneCore,TodayCathedralCradle commune,,,
todayCathedralDoSlotSelected,DialogOptionSelected,$option == todayCathedralDoSlot,TodayCathedralCradle slot,,,
todayCathedralAskStatusSelected,DialogOptionSelected,$option == todayCathedralAskStatus,TodayCathedralCradle status,,,
todayCathedralTryUnplugSelected,DialogOptionSelected,$option == todayCathedralTryUnplug,TodayCathedralCradle try_unplug,,,
todayCathedralBackSelected,DialogOptionSelected,$option == todayCathedralBack,FireAll PopulateOptions,,,
skr_tomorrowBar_pop,DialogOptionSelected,"$option == marketVisitBar
SKR_TomorrowBar_Cmd isValid score:100",FireBest BarShuttleDownPrintDesc,"As you enter the dockside bar, you notice a weary-looking spacer slumped in a booth, poring over a battered TriPad filled with encrypted astrometric survey charts.","skr_tomorrowBar_approach:Approach the spacer and inquire about their survey charts
skr_tomorrowBar_ignore:Ignore them and head into the main bar area",
skr_tomorrowBar_init_fresh,DialogOptionSelected,"$option == skr_tomorrowBar_approach
!$global.skr_tomorrowBar_mealBought",SKR_TomorrowBar_Cmd showPerson,"You slide into the booth opposite the spacer. They glance up, their eyes sunken and unfocused, before looking back down at their battered TriPad. Their stomach gives a loud, hollow growl.

""I don't have time for tourists, captain,"" they mutter. ""I'm trying to figure out how to stretch my last credits into a week of nutrient paste.","skr_tomorrowBar_buyMeal:Order a top-of-the-line luxury meal for the spacer (40000 credits)
skr_tomorrowBar_leave:Leave them to their charts",
skr_tomorrowBar_init_returning,DialogOptionSelected,"$option == skr_tomorrowBar_approach
$global.skr_tomorrowBar_mealBought",SKR_TomorrowBar_Cmd showPerson,"You slide back into the booth. The spacer gives you a knowing nod, sliding the empty luxury plate aside.

""You're back,"" they say, leaning forward. ""Still interested in those survey charts?","skr_tomorrowBar_hub:Resume your conversation
skr_tomorrowBar_leave:Leave them to their charts",
skr_tomorrowBar_noCredits,DialogOptionSelected,"$option == skr_tomorrowBar_buyMeal
!SKR_TomorrowBar_Cmd hasCredits 40000",,You can't afford a meal for them.,skr_tomorrowBar_leave:Leave them to their charts,
skr_tomorrowBar_meal,DialogOptionSelected,"$option == skr_tomorrowBar_buyMeal
SKR_TomorrowBar_Cmd hasCredits 40000",SKR_TomorrowBar_Cmd spendCredits 40000,"You flag down a server drone and order a top-of-the-line luxury meal—genuine vat-grown steak, real hydroponic greens, and a bottle of pristine pre-Collapse vintage. The spacer stares in sheer disbelief before devouring it with startling speed, wiping their mouth with the back of their sleeve.

The spacer looks up from the display, glancing around the crowded room before leaning forward across the table.

""You have the bearing of someone who looks beyond the Core, captain. Most in this bar only care about the next supply run or the price of fuel on the black market. But me? I trace the ghosts.""

""My family flew deep-scan recon on an exploratory hauler long before the AI Wars. Far beyond the edge of the Sector, their sensors locked onto two distinct anomalies.",skr_tomorrowBar_hub:Listen,
skr_tomorrowBar_hub,DialogOptionSelected,$option == skr_tomorrowBar_hub,,,skr_tomorrowBar_leave:Politely decline and step away,
skr_tomorrowBar_hub_addHyp,DialogOptionSelected,"$option == skr_tomorrowBar_hub
!SKR_TomorrowBar_Cmd hasHypercube",,,skr_tomorrowBar_askHypercube:Inquire about the geometric spatial anomaly (The Hypercube),
skr_tomorrowBar_hub_addCath,DialogOptionSelected,"$option == skr_tomorrowBar_hub
SKR_TomorrowBar_Cmd isHypercubeSolved
!SKR_TomorrowBar_Cmd hasYork",,,skr_tomorrowBar_askCathedral:Hand over the encrypted Astrometric Datacore from the anomaly,
skr_tomorrowBar_hub_addFinal,DialogOptionSelected,"$option == skr_tomorrowBar_hub
SKR_TomorrowBar_Cmd isQuestComplete",,,skr_tomorrowBar_finalReward:Tell the spacer the Cathedral is secure,
skr_tomorrowBar_bothDone,DialogOptionSelected score:10,"$option == skr_tomorrowBar_hub
SKR_TomorrowBar_Cmd hasYork
SKR_TomorrowBar_Cmd hasHypercube
!SKR_TomorrowBar_Cmd isQuestComplete",,"You've got the coordinates now, captain. May the void treat you well.",skr_tomorrowBar_leave:Leave,
skr_tomorrowBar_askHypercube,DialogOptionSelected,$option == skr_tomorrowBar_askHypercube,,"The first anomaly is buried in the deep outer fringes of this very system. It's a massive, perfectly geometric structure floating in absolute darkness. It emits no heat, no standard radiation, but it bends spatial telemetry around it like a puzzle box.""

""I'm not letting that data go to just any scavenger. This Sector is full of fools who'd crack it open and doom us all.","skr_tomorrowBar_hub:Return to the previous topics
skr_tomorrowBar_leave:Politely decline and step away",
skr_tomorrowBar_askHypercube_addSP,DialogOptionSelected,"$option == skr_tomorrowBar_askHypercube
SKR_TomorrowBar_Cmd hasSP 3",,,skr_tomorrowBar_spendHypercube:Convince the spacer you have the expertise to safely investigate the anomaly [3 Story Points],
skr_tomorrowBar_noSPHypercube,DialogOptionSelected,"$option == skr_tomorrowBar_askHypercube
!SKR_TomorrowBar_Cmd hasSP 3",,,skr_tomorrowBar_noSP_HypDummy:Convince the spacer you have the expertise to safely investigate the anomaly [Requires 3 Story Points],
skr_tomorrowBar_spendHypercube,DialogOptionSelected,"$option == skr_tomorrowBar_spendHypercube
SKR_TomorrowBar_Cmd hasSP 3",SKR_TomorrowBar_Cmd spendSP_Hypercube,"You lay out your technical background and history of dealing with volatile deep-space phenomena, making it clear you are one of the few who can handle Domain-era physics puzzles without triggering a catastrophic reaction.

The spacer nods slowly and transmits a corrupted data packet containing deep-space coordinates.",skr_tomorrowBar_hub:Return to previous topics,
skr_tomorrowBar_askCathedral,DialogOptionSelected,$option == skr_tomorrowBar_askCathedral,,"You slide the encrypted Early-Domain Astrometric Datacore across the table. The spacer's eyes widen as they plug it into their TriPad and decrypt the navigation telemetry.

""Far beyond the southern edge of the Sector, past where the beacons die, sensors locked onto a clean, uncatalogued yellow star. They swore on their dying breaths that it harbored an untouched Terran garden world, rich companion mining moons, and an ancient Domain cathedral station silently holding orbit.""

""Word of caution, though: our old sensor logs caught terrifying, non-human neutrino signatures pulsing in that gravity well—heavy automated drone battlegroups. If you go out there looking for a new home, bring enough guns to fight a war.""

""And one more thing: it takes an Alpha Core to awaken the station's automated systems. If you bring one out there and slot it into the cradle, Domain protocols will fuse it permanently into the bulkheads. But it'll watch over your people forever. I'm not giving this to a warlord or a corporate suit. It needs to go to someone who wants to build something real.","skr_tomorrowBar_hub:Return to the previous topics
skr_tomorrowBar_leave:Politely decline and step away",
skr_tomorrowBar_askCathedral_addSP,DialogOptionSelected,"$option == skr_tomorrowBar_askCathedral
SKR_TomorrowBar_Cmd hasSP 3",,,skr_tomorrowBar_spendCathedral:Confront the spacer with your vision of a free haven beyond the Core [3 Story Points],
skr_tomorrowBar_noSPCathedral,DialogOptionSelected,"$option == skr_tomorrowBar_askCathedral
!SKR_TomorrowBar_Cmd hasSP 3",,,skr_tomorrowBar_noSP_CathDummy:Confront the spacer with your vision of a free haven beyond the Core [Requires 3 Story Points],
skr_tomorrowBar_spendCathedral,DialogOptionSelected,"$option == skr_tomorrowBar_spendCathedral
SKR_TomorrowBar_Cmd hasSP 3",SKR_TomorrowBar_Cmd spendSP_Cathedral,"You outline your plans for the frontier—not another corporate tech-mine or bloody warlord fief, but a genuine sanctuary where crews can build a future.

The spacer stares at you in silence for a long moment, then pushes a heavy, lead-jacketed nav-cartridge into your hands.

""Take it, captain. If someone is finally going to wake the Cathedral and plant crops under that yellow star, I want it to be someone with fire in their chest. Go make it count.",skr_tomorrowBar_hub:Return to previous topics,
skr_tomorrowBar_finalReward,DialogOptionSelected,$option == skr_tomorrowBar_finalReward,SKR_TomorrowBar_Cmd completeQuest,"You tell the spacer about the Cathedral, the Alpha Core, and the garden world. The spacer leans back, a genuine smile breaking across their face.

""You really did it. You actually built something real out there."" They reach into their satchel and pull out a glowing, impossibly complex mechanism. ""I found this a long time ago. I was saving it, but I think you've earned it.",skr_tomorrowBar_leave:Leave,
skr_tomorrowBar_noSP_CathDummy_handler,DialogOptionSelected,$option == skr_tomorrowBar_noSP_CathDummy,,You do not have enough Story Points to convince the spacer.,skr_tomorrowBar_hub:Return to previous topics,
skr_tomorrowBar_noSP_HypDummy_handler,DialogOptionSelected,$option == skr_tomorrowBar_noSP_HypDummy,,You do not have enough Story Points to convince the spacer.,skr_tomorrowBar_hub:Return to previous topics,
skr_tomorrowBar_hypDone,DialogOptionSelected score:10,"$option == skr_tomorrowBar_hub
SKR_TomorrowBar_Cmd hasHypercube
!SKR_TomorrowBar_Cmd isHypercubeSolved",,"You have the coordinates for the anomaly, captain. Come back when you crack it.",skr_tomorrowBar_leave:Leave,

skr_tomorrowBar_questDoneHub,DialogOptionSelected score:10,"$option == skr_tomorrowBar_hub
SKR_TomorrowBar_Cmd isQuestComplete",,You've returned. What did you find out there?,skr_tomorrowBar_finalReward:Tell the spacer the Cathedral is secure, skr_tomorrowBar_leave:Leave,

skr_tomorrowBar_leave,DialogOptionSelected,$option == skr_tomorrowBar_leave,"FireBest BarPrintDesc
BarCMD showOptions",,,
skr_tomorrowBar_ignore_rule,DialogOptionSelected,$option == skr_tomorrowBar_ignore,"FireBest BarPrintDesc
BarCMD showOptions",,,
